date,omega,aG,bG,phi,kz,phi4,delta,kappa
2013-09-17,1.4021897630774518,0.2326299412677473,0.761718315448895,0.9943482567166423,43.54080326979446,3.2908959004255176,-2.2908959004255176,1.2154744850734398
2013-09-22,1.5539721310299135,0.2252722699791763,0.7554517844310441,0.9807240544102204,21.61537611826027,2.008000441734883,-1.008000441734883,1.992031434287962
2014-12-21,1.1912221978944946,0.22888489858323155,0.7357245490474303,0.9646094476306619,50.0,3.4974979296316837,-2.4974979296316837,1.1436747299007648
2014-12-26,1.157151317508595,0.20003082354946766,0.7445749056438515,0.9446057291933192,50.0,2.8528841717488773,-1.8528841717488773,1.4020898708789558
2014-12-31,1.1784942776487424,0.2105674004918353,0.7448791636116587,0.955446564103494,50.0,3.0854710142017314,-2.0854710142017314,1.2963985017486461
2015-01-10,1.2983823599376674,0.2588059562613086,0.7248940730044738,0.9837000292657825,50.0,4.24971137439769,-3.24971137439769,1.0
2015-04-15,3.06857686970091,0.2924663326372701,0.6886309236345985,0.9810972562718687,50.0,5.153843056852611,-4.153843056852611,1.0
2015-04-20,2.3554700760232077,0.2268938000867271,0.698186816875961,0.9250806169626881,50.0,3.378333177252056,-2.378333177252056,1.1840158415794884
2015-04-25,2.2087129912006565,0.21234269114381923,0.7065911002141074,0.9189337913579266,50.0,3.053820818527224,-2.053820818527224,1.3098345442314105
2015-04-30,1.8307355917755004,0.1708148977844022,0.7897409225146882,0.9605558202990904,50.0,2.3523762198601514,-1.3523762198601514,1.7004082791815502
2015-05-05,1.7369518004030786,0.16002528267698513,0.8022605039473292,0.9622857866243143,50.0,2.180790398835776,-1.180790398835776,1.8341973635501223
2015-05-10,1.8905315588458167,0.14961166038125623,0.7809535069622139,0.9305651673434701,50.0,1.962750327852762,-0.962750327852762,2.037956607744388
2015-05-15,2.039620918017649,0.18457286380706658,0.7896520853962601,0.9742249492033267,50.0,2.61840421229338,-1.6184042122933802,1.527648016001518
2015-05-25,1.3983929030233742,0.147594147302557,0.7995111287630638,0.9471052760656209,50.0,1.9644259875318113,-0.9644259875318113,2.0362182262849062
2015-05-30,0.8880958157496024,0.14964555754068568,0.8211270400394909,0.9707725975801765,50.0,2.039695287904034,-1.039695287904034,1.9610772372329943
2015-06-04,1.0186452141666196,0.1534106147615802,0.8082024966098319,0.9616131113714121,50.0,2.07790579531618,-1.07790579531618,1.9250150844260718
2015-06-09,0.7142430940496228,0.1528581279479793,0.8272676001184891,0.9801257280664684,50.0,2.1055611995261043,-1.1055611995261043,1.899731055502103
2015-07-24,0.5395649136180464,0.1764453398136036,0.8201232821934358,0.9965686220070393,50.0,2.518663957523974,-1.518663957523974,1.5881435822555243
2015-09-07,0.26617018109731677,0.0666691772038241,0.9259440033164702,0.9926131805202943,50.0,1.2030751064053244,-0.20307510640532445,3.3248132046814804
2015-09-12,0.23772346072111708,0.043942499311070284,0.9280793050461174,0.9720218043571877,50.0,1.0394426071852698,-0.03944260718526982,3.8482163155036435
2015-09-17,0.2831326372219514,0.05243075511684997,0.9228820852463161,0.9753128403631661,50.0,1.085935356601298,-0.08593535660129792,3.6834605077405205
2015-09-22,0.3196154079342052,0.05775313969918008,0.899542441933993,0.9572955816331731,50.0,1.0798506627249327,-0.07985066272493269,3.7042159051014156
2015-09-27,0.13244866342466538,0.06999640230303937,0.9142027470862153,0.9841991493892547,50.0,1.2087232860916104,-0.2087232860916104,3.3092768593330764
2015-10-02,0.14758662154884472,0.07287682032805029,0.912229582145361,0.9851064024734113,50.0,1.2306751403093257,-0.23067514030932568,3.2502484766163513
2015-10-07,0.1642268001981289,0.07564845363606415,0.9075052592702945,0.9831537129063586,50.0,1.2470029615404181,-0.24700296154041812,3.2076908582950074
2015-10-12,0.15032924729305758,0.08400529086121289,0.9022727100330105,0.9862780008942234,50.0,1.3185318507890775,-0.31853185078907753,3.033677189979289
2015-10-17,0.2511027133240793,0.0920428053328693,0.8937672330015527,0.985810038334422,50.0,1.386943454344594,-0.386943454344594,2.8840397115470124
2015-10-22,0.2798192809072472,0.0766999672766214,0.8813429446669274,0.9580429119435488,50.0,1.2061075851567793,-0.2061075851567793,3.3164537303527934
2015-10-27,0.3009895190770793,0.08189367577419257,0.8732185066661576,0.9551121824403502,50.0,1.240861413504589,-0.240861413504589,3.2235670772473473
2015-11-01,0.41569798124294677,0.11342104777537954,0.840906894488986,0.9543279422643656,50.0,1.5410941912313199,-0.5410941912313199,2.5955584173632094
2015-11-06,0.45268472669688636,0.16954648643138145,0.7972541969069137,0.9668006833382952,50.0,2.3432581033034987,-1.3432581033034987,1.7070249301008904
2015-11-11,0.4052890189583591,0.19036014168587748,0.8055361538442442,0.9958962955301216,50.0,2.7674216250413193,-1.7674216250413193,1.4453887198848052
2015-11-16,0.3876262448628881,0.1976020549488779,0.794078641661493,0.9916806966103708,50.0,2.896712637910579,-1.896712637910579,1.380875668387055
2015-11-21,0.5125588493336152,0.21211120175514145,0.7612200828845205,0.9733312846396619,50.0,3.1519407232488,-2.1519407232488,1.2690593990222887
2015-11-26,0.8404948528938256,0.2681315332554728,0.6568363550065096,0.9249678882619824,50.0,4.378397031486436,-3.378397031486436,1.0
2015-12-01,0.7236017338905648,0.2527498058868592,0.6882917786185591,0.9410415845054183,50.0,4.015800018184874,-3.0158000181848736,1.0
2015-12-06,0.6360169212460779,0.24992060491964568,0.7107573552220657,0.9606779601417115,50.0,3.983457272508719,-2.983457272508719,1.004152856767273
2015-12-11,0.6988133358228478,0.25538585012027526,0.7063792641837672,0.9617651143040424,50.0,4.120866824733397,-3.1208668247333966,1.0
2015-12-16,0.47819620735375995,0.2267652993378363,0.7581093231714159,0.9848746225092522,50.0,3.4896805702678884,-2.4896805702678884,1.1462367169304946
2015-12-21,0.5069942835528933,0.22795452243164346,0.7502488954640214,0.9782034178956649,50.0,3.503081877337654,-2.503081877337654,1.141851700891446
2015-12-26,0.7052969434364179,0.26925302849089905,0.7242520926081748,0.9935051210990739,50.0,4.539414899874609,-3.5394148998746093,1.0
2015-12-31,0.6388218621837629,0.24365730078519035,0.7444174097422982,0.9880747105274885,50.0,3.8853667646542918,-2.8853667646542918,1.0295038389653564
2016-01-05,1.0832872590406177,0.323381140293317,0.6666005810361425,0.9899817213294595,50.0,6.104256541539332,-5.104256541539332,1.0
2016-03-05,1.666397420005464,0.2580149639766193,0.7088945793949428,0.9669095433715622,50.0,4.196928425219955,-3.196928425219955,1.0
2017-11-10,1.065827949557875,0.22217576221905616,0.7748688372162307,0.9970445994352868,26.985580037269923,2.276799936321315,-1.2767999363213152,1.7568517708511993
2017-11-25,1.1618983788744683,0.22916163985621008,0.7539929002089394,0.9831545400651495,13.117016302957357,1.6029186536707472,-0.6029186536707472,2.4954479073781077
2017-11-30,0.9758921901721277,0.20292859318920306,0.7880851621168127,0.9910137553060158,22.205908923884532,1.8553678881691105,-0.8553678881691105,2.1559066670854303
2017-12-05,0.7375016956811528,0.1763712057211667,0.8205980297354301,0.9969692354565968,15.155519712467521,1.434280608287545,-0.434280608287545,2.7888545497214716
2017-12-20,1.183558844047364,0.19138439865183976,0.807328996231583,0.9987133948834228,50.0,2.7921998594385617,-1.7921998594385617,1.432562209498963
2017-12-30,2.486542515114183,0.16394485332225586,0.7732415247828863,0.9371863781051422,14.083402005079966,1.2299728734045645,-0.22997287340456452,3.2521042426960207
2018-01-04,3.188678089675017,0.16156218324553248,0.7504508043575472,0.9120129876030797,9.7405907695319,1.059917553364571,-0.05991755336457105,3.7738784373393175
2018-01-09,3.5257539319588234,0.1513692853211857,0.7487816276626946,0.9001509129838803,8.057707142414005,0.9719825140810264,0.028017485918973573,4.115300370173688
2018-01-14,3.8297888907022406,0.1363454769857092,0.7490413936704707,0.8853868706561799,7.051251327021956,0.8964032120326539,0.10359678796734606,4.462277629427201
2018-01-19,3.5132953385864782,0.12187596204887721,0.7807463299829797,0.9026222920318568,9.573041103897848,0.9420688124444049,0.05793118755559512,4.245974335591388
2018-01-24,3.359569529545431,0.12891003590897454,0.7835650326773986,0.9124750685863732,9.315098538733439,0.9707893733206221,0.029210626679377905,4.120358246524524
2018-01-29,3.3175728203481216,0.12379643225029376,0.7840259804843939,0.9078224127346877,8.654871732063452,0.9414567033490397,0.05854329665096025,4.248734950604545
2018-02-03,2.829992427833494,0.11237414053895567,0.8129103182114361,0.9252844587503918,9.487722690495037,0.9633338458114897,0.03666615418851027,4.152246926018149
2018-02-08,2.816053054487745,0.12831188717435463,0.8147279210916805,0.9430398082660351,18.71208782476879,1.1809348381082057,-0.18093483810820565,3.3871470896800586
2018-02-13,2.9071404693936995,0.11720660262522864,0.816265410187589,0.9334720128128177,17.878575910133296,1.1032375397884426,-0.10323753978844263,3.6256924331699607
2018-02-18,2.7058578370632462,0.1175920897601316,0.8209798763277834,0.9385719660879149,15.263334434598095,1.0781492916803415,-0.07814929168034146,3.7100613346096347
2018-02-23,2.409955730252721,0.1128273127519409,0.8322921120521886,0.9451194248041295,10.708010178350118,1.0168337210099292,-0.016833721009929192,3.9337798475321617
2018-02-28,2.470863624623636,0.11082584842752456,0.8343145422933024,0.9451403907208269,13.697513778532217,1.049245903715175,-0.0492459037151749,3.8122617260994596
2018-03-05,2.712632783408022,0.1279656797515578,0.8129517268073998,0.9409174065589576,16.188937233488087,1.1340476817363876,-0.1340476817363876,3.5271885516096058
2018-03-10,3.152726085623127,0.12053073133090238,0.8123391585256424,0.9328698898565448,17.702590009758612,1.1128957333340757,-0.11289573333407565,3.5942270962047584
2018-03-15,2.7765363376715304,0.10112548432410283,0.8353936627245251,0.9365191470486279,10.32033462693386,0.9723812433689691,0.02761875663103086,4.11361287280837
2018-03-20,2.193351422317636,0.08680802001736564,0.8584445995597078,0.9452526195770734,9.82525327573794,0.9600063788047954,0.039993621195204554,4.1666389810659235
2018-03-25,2.265386768746295,0.09401072628683185,0.845648742426232,0.9396594687130638,9.865655195812566,0.961314725437729,0.038685274562271,4.160968197151691
2018-03-30,1.1606337316577018,0.05618717590005159,0.9125906316013042,0.9687778075013558,6.566799163266956,0.9561048182270367,0.043895181772963254,4.1836417134864385
2018-04-04,1.1580104788918972,0.0563594758656497,0.9137433849112925,0.9701028607769422,7.985396103505863,0.9632879064481856,0.03671209355181437,4.152444947376858
2018-04-09,1.1169769858909795,0.05428421386155557,0.916518116356333,0.9708023302178885,7.91359538222504,0.9628299804353415,0.037170019564658485,4.1544198677646165
2018-04-14,1.1583103854253662,0.05474574633993507,0.9157361818104391,0.9704819281503743,8.825619873377663,0.9652893126955756,0.03471068730442439,4.143835373904616
2018-04-19,1.0857149900051184,0.05391665180595921,0.9174162356373345,0.9713328874432937,7.814536654289648,0.963297472685963,0.036702527314037,4.15240371060748
2018-04-24,1.021567461964532,0.06225823971787607,0.9137693004918681,0.9760275402097441,12.954136239740821,0.9989650482113994,0.00103495178860058,4.004144096094067
2018-04-29,1.1705479069051656,0.07161833572240937,0.9053589898773851,0.9769773255997944,36.09915351600679,1.1345147819711054,-0.13451478197110545,3.5257363443519014
2018-05-04,0.9902096423651628,0.07381056615187545,0.9071534310756935,0.9809639972275689,34.70651845597468,1.1459234654724806,-0.14592346547248058,3.4906345148894764
2018-05-09,0.45079454150758613,0.06836404146782953,0.9218788462314571,0.9902428876992866,12.475398249704332,1.0342128817683611,-0.034212881768361125,3.8676756695976873
2018-05-14,0.49805873673720147,0.06631123213419635,0.9221229731985975,0.9884342053327938,13.776663783340723,1.0331834624297904,-0.03318346242979042,3.8715292544394733
2018-05-19,0.2796172757240456,0.06854070253459178,0.9278889356442973,0.9964296381788891,24.442661092021478,1.103001611261911,-0.10300161126191099,3.626467957216962
2018-05-24,0.7017918984595772,0.07521867942684818,0.9045901642847634,0.9798088437116115,9.867568328358365,1.0101967393296898,-0.010196739329689786,3.9596247386961245
2018-05-29,0.21433889791424982,0.059296665463414805,0.9356382304131085,0.9949348958765233,7.202182204366512,1.0117029059871725,-0.011702905987172496,3.9537298710207684
2018-06-03,0.23577570156342548,0.060108794393646706,0.9346840082404474,0.9947928026340941,7.621260589749273,1.0135357793901154,-0.01353577939011541,3.9465799642583494
2018-08-02,2.7657244430338403e-07,0.03856013381943509,0.9591722524613104,0.9977323862807456,30.53965337905068,1.0393919502502578,-0.03939195025025777,3.8484038663536957
2018-08-07,0.01468708164872677,0.029854218578882614,0.9645158569965413,0.9943700755754239,17.751128690857254,1.0037016988196115,-0.0037016988196114653,3.9852478128752207
2018-08-12,0.13147516423007893,0.020954207921732738,0.9659385840118442,0.9868927919335769,7.630584753462127,0.9768687321637445,0.02313126783625552,4.094715971858451
2018-08-17,0.0981101625882822,0.030732897225311893,0.9595514960674452,0.9902843932927571,7.106245205790147,0.9864305951929498,0.013569404807050156,4.055024265764571
2018-08-22,0.09170756595906435,0.026830124888640502,0.9625285790323043,0.9893587039209447,7.409870129673957,0.9834448259421217,0.01655517405787832,4.06733544626469
2018-08-27,0.09187892664827113,0.020461248939106173,0.967183350157916,0.9876445990970222,7.347289906564173,0.9780992277072007,0.021900772292799298,4.089564623598109
2018-09-01,0.09068019214778945,0.01901427070777179,0.9683961209718867,0.9874103916796585,8.296466652806963,0.9776172643228358,0.0223827356771642,4.0915807708967495
2018-09-06,0.11693975829183091,0.00924757480699471,0.9756491524005955,0.9848967272075901,7.002093758004045,0.970534848156331,0.029465151843669046,4.121438820665295
2018-09-11,0.13605056260828466,0.011327523707066113,0.9731592227475139,0.98448674645458,7.622642909957345,0.9700639237557557,0.029936076244244325,4.123439602323699
2018-09-16,0.11769005155329879,0.011069325863437389,0.9738406081956037,0.984909934059041,8.9749481549573,0.9710247484068038,0.02897525159319625,4.119359477256319
2018-09-21,0.12717122231343592,0.0,0.9838403024193273,0.9838403024193273,8.415483187982442,0.9679417406645534,0.03205825933544659,4.132480119365186
2018-09-26,0.09988794650830021,2.1299382902940404e-16,0.9858728003184246,0.9858728003184248,7.049597376145664,0.9719451784076928,0.02805482159230721,4.115458452659927
2018-10-01,0.09672191348095631,0.010340822507389904,0.97505024400102,0.9853910665084099,9.577853782243842,0.9719128062488247,0.0280871937511753,4.115595529025201
2018-10-06,0.08806922370093505,0.019494218256162286,0.9654194940718299,0.9849137123279922,15.864299423623994,0.97570381936314,0.02429618063686001,4.0996047372356035
2018-10-11,1.5904839165569471e-07,0.03671315083681163,0.9559318732717182,0.9926450241085298,50.0,1.0513890606613814,-0.05138906066138138,3.8044907919089255
2018-10-16,1.3505474728305151e-07,3.2052484289123456e-17,0.9928883253151406,0.9928883253151406,13.562627820670967,0.9858272265471045,0.01417277345289547,4.057506114950938
2018-10-21,1.2828477942892666e-07,0.030481864732711847,0.9626278863929336,0.9931097511256455,36.95852519529171,1.0196776285046782,-0.019677628504678246,3.922808432961171
2018-10-26,1.2003852028194083e-07,0.042003653061855654,0.9530466857338465,0.9950503387957021,50.0,1.0765762133939378,-0.07657621339393783,3.7154824249644935
2018-10-31,1.1646022623915062e-07,0.048533882539271954,0.9478042732178814,0.9963381557571533,50.0,1.1081110705800221,-0.10811107058002212,3.609746447083384
2018-11-05,1.1146446013391964e-07,0.05823113765037728,0.9406792819832607,0.9989104196336379,50.0,1.1639744306634527,-0.16397443066345274,3.4365016057268916
2019-11-30,3.1624939590657974,0.24930899800714135,0.673224580748971,0.9225335787561123,50.0,3.8966620518114756,-2.8966620518114756,1.02651960750368
2019-12-05,3.4037286079828006,0.24328168818088983,0.6499851801180005,0.8932668682988903,50.0,3.698038708403549,-2.698038708403549,1.0816544431809931
2019-12-10,2.7153551315568505,0.21461459768141303,0.6410644891164992,0.8556790867979122,50.0,2.9890985509430927,-1.9890985509430927,1.3381960921756684
2019-12-15,1.69620694734668,0.18932736338615672,0.7295248904971656,0.9188522538833224,50.0,2.6006871402773992,-1.6006871402773992,1.5380550540090512
2019-12-20,2.2641413787895988,0.24196144530036937,0.6852081764455578,0.9271696217459271,50.0,3.728365217068824,-2.728365217068824,1.0728562700047746
2019-12-25,2.610473165353001,0.23733660067211468,0.6678105301919853,0.9051471308641,50.0,3.5793957674226586,-2.5793957674226586,1.1175070486492185
2019-12-30,2.7360797850614302,0.26539086747000046,0.6224957391686313,0.8878866066386317,50.0,4.239525940535752,-3.239525940535752,1.0
2020-01-04,3.021665307265494,0.2862413706014579,0.6095716353666598,0.8958130059681177,50.0,4.817252931607892,-3.817252931607892,1.0
2020-01-09,2.8431172006486216,0.2605445242872991,0.6213796985268262,0.8819242228141253,50.0,4.104079342454953,-3.104079342454953,1.0
2020-01-14,2.4614410281294656,0.2568154219289556,0.6429097856262019,0.8997252075551576,50.0,4.041259335196999,-3.041259335196999,1.0
2020-01-19,2.458501396265577,0.20284344550548708,0.6741208783075263,0.8769643238130134,50.0,2.785194131083154,-1.7851941310831538,1.4361655998623017
2020-01-24,2.7440552260856057,0.21944993693214204,0.6250412209220051,0.8444911578541472,50.0,3.0729207818503728,-2.0729207818503728,1.3016931720548235
2020-01-29,2.975943856801141,0.23114347041510158,0.5902002197426867,0.8213436901577882,50.0,3.292543349223323,-2.292543349223323,1.2148663132843973
2020-02-03,2.98167070216516,0.2691578224849175,0.5666115934870917,0.8357694159720092,50.0,4.248361253510488,-3.248361253510488,1.0
2020-02-08,2.8410255762001038,0.2563044272394926,0.583120725033865,0.8394251522733576,50.0,3.923540597974803,-2.923540597974803,1.019487348254957
2020-02-13,2.7142722576140326,0.26329142670344774,0.5548487080577404,0.8181401347611882,38.49440061538911,3.2685541940478244,-2.2685541940478244,1.2237826765375863
2020-02-18,2.674117800153724,0.26454525547984886,0.5598832242793255,0.8244284797591743,50.0,4.108907735886049,-3.1089077358860493,1.0
2020-02-23,2.745488606301582,0.2731890047914426,0.5580320512478032,0.8312210560392458,50.0,4.347907828611002,-3.3479078286110022,1.0
2020-02-28,2.5091175489160227,0.22785618887917441,0.6014813326659849,0.8293375215451593,50.0,3.2318044223592253,-2.2318044223592253,1.2376986590915022
2020-03-04,2.359398996038326,0.16370413020361235,0.6392113430142512,0.8029154732178636,50.0,1.9578263271730076,-0.9578263271730076,2.043082138841078
2020-03-09,3.1205320776647807,0.1268868231448489,0.6092702523005861,0.736157075445435,50.0,1.3308402682301919,-0.33084026823019186,3.0056199045730487
2020-03-14,4.402428184758472,0.12612640227027797,0.6149148602431107,0.7410412625133886,50.0,1.328627750879992,-0.32862775087999196,3.010625058336072
2020-03-19,3.272476064709375,0.11493676170430796,0.668567936617734,0.783504698322042,50.0,1.2611921126552847,-0.26119211265528475,3.1716024544258308
2020-03-24,2.4278250507388255,0.10243975381282538,0.7613386379453373,0.8637783917581627,50.0,1.2603143649686992,-0.2603143649686992,3.17381132135183
2020-03-29,2.764574047813699,0.10097031934827101,0.7483922573146168,0.8493625766628878,50.0,1.2209720507107198,-0.2209720507107198,3.276078267042744
2020-04-03,2.069768084224153,0.09845675519825445,0.8327625429144733,0.9312192981127277,50.0,1.3421622807418425,-0.3421622807418425,2.9802655441852473
2020-04-08,0.731292810860412,0.04636663108204544,0.904456227247812,0.9508228583298575,50.0,1.0094074673395868,-0.00940746733958675,3.9627208331859034
2020-04-13,0.7349807000558032,0.04542663799363841,0.9053385591602614,0.9507651971538998,50.0,1.0050698526499424,-0.005069852649942419,3.979822884403207
2020-04-18,0.8620442768495771,0.04798523679826381,0.8992331446619415,0.9472183814602053,50.0,1.010049226754778,-0.01004922675477804,3.960203021838587
2020-04-23,0.7890985712731357,0.04385093376616189,0.9118471566684246,0.9556980904345865,50.0,1.0075811552763667,-0.007581155276366713,3.969903544794713
2020-04-28,0.7095425452098162,0.043986761344585394,0.929302805127011,0.9732895664715964,50.0,1.0420995037081582,-0.04209950370815818,3.838405052268605
2020-05-03,0.6359553881018034,0.03848447067334185,0.9515359918376586,0.9900204625110004,50.0,1.0527121858578532,-0.0527121858578532,3.799709031334531
2020-05-28,1.1382906079509327,0.05330275302980259,0.9344182092005714,0.987720962230374,50.0,1.1148106897765462,-0.11481068977654618,3.5880531436254564
2020-06-02,1.0598314392919692,0.051268978759890386,0.9270738392418078,0.9783428180016981,50.0,1.0859515705065264,-0.08595157050652635,3.6834055114762236
2020-06-07,1.2617668868712242,0.06322820627488289,0.915224570650476,0.9784527769253589,50.0,1.153262334041164,-0.15326233404116407,3.4684216087969673
2020-06-12,1.55638386566732,0.07615475244482373,0.9027754334704308,0.9789301859152545,50.0,1.2424820785727615,-0.2424820785727615,3.2193623304368284
2020-06-17,1.0448469579940876,0.06609072460716772,0.906364626109775,0.9724553507169427,50.0,1.1597006192139356,-0.15970061921393564,3.4491660465881844
2020-06-22,1.0604222966315964,0.09070051233042074,0.9042835633791494,0.9949840757095701,50.0,1.393095874828667,-0.39309587482866704,2.8713027382210496
2020-10-20,0.18865125778641148,0.08269115336045414,0.9127200649593671,0.9954112183198213,50.0,1.325897008916976,-0.3258970089169759,3.0168255702358775
2020-11-14,0.30600746437546694,0.08102579822609778,0.904645857273306,0.9856716554994038,50.0,1.2932424313855746,-0.2932424313855746,3.093000896757166
2020-11-19,0.31811060467864755,0.07130738732482021,0.8996325937301091,0.9709399810549293,50.0,1.191876877678451,-0.19187687767845096,3.3560513463364083
2020-11-24,0.22051968950809595,0.07018837318595002,0.9086793469071442,0.9788677200930943,50.0,1.1995759922342715,-0.19957599223427147,3.3345115489930706
2020-11-29,0.20261330427026591,0.08045983904471206,0.9069275164721492,0.9873873555168613,50.0,1.2921492890905282,-0.2921492890905282,3.0956175372083954
2020-12-04,0.22315650270393167,0.08542398543571667,0.9043608304082015,0.9897848158439182,50.0,1.3372395887735342,-0.3372395887735342,2.9912365993207315
2020-12-09,0.2325323125115873,0.08778626082698464,0.9045646280080388,0.9923508888350234,50.0,1.3623752384808467,-0.36237523848084674,2.93604866487467
2020-12-14,0.25263729597763523,0.08422664830005551,0.9026383193656543,0.9868649676657099,50.0,1.3215147503150433,-0.3215147503150433,3.0268296279299323
2020-12-19,0.28907794500181283,0.09622147944013497,0.9023001188620533,0.9985215983021882,50.0,1.4507154644527243,-0.45071546445272426,2.7572601919625788
2020-12-24,0.2983149697933893,0.09849950675381146,0.8994461864661205,0.997945693219932,50.0,1.471301095322674,-0.47130109532267395,2.7186821329204216
2021-04-08,0.11912489022917054,0.06034001159859528,0.9373082462744089,0.9976482578730042,13.09603893683805,1.0393427202314323,-0.03934272023143226,3.8485861517453195
2021-04-13,0.1675395065902718,0.07408584283819554,0.9230479399773142,0.9971337828155097,32.95733896501842,1.1696804141821462,-0.1696804141821462,3.4197375210363297
2021-04-18,0.1548608341380782,0.06919433447100554,0.9273167704858075,0.996511104956813,18.63650921139856,1.0774754473890658,-0.07747544738906575,3.7123815764830503
2021-04-23,0.1620996321942307,0.06495775780795639,0.933902147503012,0.9988599053109685,25.197153994681837,1.099821250935463,-0.09982125093546301,3.636954638399434
2021-06-12,0.36983215195209745,0.061360988916988546,0.9345234386694173,0.9958844275864058,28.246418926598963,1.094373218439254,-0.09437321843925406,3.65506020487656
2021-06-17,0.46019206378695493,0.05690424103750363,0.9296592166027926,0.9865634576402962,10.251219581875544,1.0032637620647837,-0.0032637620647837373,3.9869874217002845
2021-06-22,0.48713896354801395,0.053798986970363845,0.9341372130287499,0.9879361999991138,15.58959181035408,1.0182450431086985,-0.018245043108698455,3.9283274954995258
2021-06-27,0.5649442448061184,0.05041038466997333,0.9316581100062141,0.9820684946761875,10.848848176043237,0.989486489005947,0.010513510994052955,4.042500877418205
2021-07-02,0.6122914454583738,0.05087188302193324,0.9265664789545273,0.9774383619764605,6.748427102898944,0.9702623846591951,0.02973761534080488,4.122596179388116
2021-07-07,0.7186841570326292,0.05025482407145451,0.9205034215024319,0.9707582455738865,6.367159573705973,0.9559265869475835,0.04407341305241652,4.1844217480890435
2021-07-12,0.8358656527339503,0.05197475296416353,0.9113868135651265,0.9633615665292901,5.825335084085818,0.941100547166456,0.05889945283354403,4.250342869360276
2021-07-17,0.824443917903706,0.05538352668077261,0.9065103018868144,0.961893828567587,4.922349231589388,0.9372708966249439,0.0627291033750561,4.26770959645046
2021-07-22,0.930172593105774,0.05330471178963077,0.9044455647678573,0.9577502765574881,5.002413485593248,0.9286580191012257,0.0713419808987743,4.3072906470686405
2021-07-27,0.9878358619556322,0.052679606544185395,0.9018163962113143,0.9544960027554996,4.925273647756627,0.9219558068989979,0.07804419310100208,4.338602750878066
2021-08-01,1.0025935424041619,0.053828725770084296,0.8989973915351441,0.9528261173052284,4.761988679314446,0.9187780913401438,0.08122190865985623,4.353608382373962
2021-08-06,0.9382820818633295,0.05683958308537455,0.8983814533900488,0.9552210364754233,4.352713621071922,0.9232789685122733,0.07672103148772669,4.332385049824545
2021-08-11,0.8727455891303901,0.0633394470155552,0.8964038170224328,0.9597432640379879,4.747788109459914,0.9361428298204852,0.06385717017951476,4.272852253503923
2021-08-16,0.9778669270792855,0.057461936804377195,0.8962101579912232,0.9536720947956003,4.463513773974412,0.920926551098727,0.07907344890127299,4.343451706575006
2021-08-21,0.893297192918177,0.05577044192937897,0.9001371772825454,0.9559076192119244,4.050152345443954,0.9232463940025162,0.07675360599748382,4.332537907523198
2021-08-26,0.7127715140773507,0.06097521759981479,0.9027802714198907,0.9637554890197055,4.030994401262653,0.9400938105756701,0.0599061894243299,4.254894516910588
2021-08-31,0.5129852559522007,0.05908071806599199,0.9134284817420265,0.9725091998080185,4.025965032017591,0.9563363692084039,0.043663630791596075,4.182628757819754
2021-09-05,0.36644921012028175,0.05665668383625572,0.9213385257890951,0.9779952096253508,3.97542156370856,0.966025673235514,0.033974326764485974,4.140676703345557
2021-09-10,0.490151213142644,0.04069660631353748,0.9299963512162199,0.9706929575297574,4.48930349520532,0.9480238502784212,0.051976149721578824,4.219303131271705
2021-09-15,0.4628964697800878,0.03913857263378816,0.9322461481154424,0.9713847207492305,4.753100601582417,0.9493373797972602,0.050662620202739816,4.213465186480108
2021-09-20,0.40235013577548123,0.04110802711054914,0.9325640717441528,0.973672098854702,5.069294352988831,0.9549139341006724,0.04508606589932762,4.188859181081232
2021-09-25,0.570547171124324,0.04099320904413865,0.9271299699095195,0.9681231789536581,5.444679923303827,0.9447315217261216,0.055268478273878374,4.234007131138791
2021-09-30,0.5346777254947557,0.03932980667429417,0.9269291981710168,0.966259004845311,4.906967266837991,0.9396998930505899,0.060300106949410126,4.256678147546256
2021-10-05,0.5940741797400345,0.03862387000024829,0.9260064109639127,0.9646302809641609,4.977548225650287,0.936445298656356,0.06355470134364405,4.27147213589447
2021-10-10,0.6182869350474458,0.039466355964441945,0.923625206647306,0.9630915626117479,4.978911683428141,0.9337428839667747,0.06625711603322526,4.283834520919713
2021-10-15,0.613081791401541,0.04070559584555174,0.9212030157003996,0.9619086115459514,5.161908145287432,0.9321642320769388,0.06783576792306123,4.291089340649416
2021-10-20,0.6332043318525887,0.04294815857607052,0.9179139099151179,0.9608620684911884,4.785749209760196,0.9302388968861867,0.06976110311381334,4.299970699343262
2021-10-25,0.6030547084284821,0.042371316409436206,0.9195975443276566,0.9619688607370929,4.818396619566868,0.9322393651286115,0.0677606348713885,4.290743503894154
2021-10-30,0.6324251700681721,0.04282206178209564,0.9162864649582355,0.9591085267403312,4.625276720490041,0.9265369410317414,0.07346305896825855,4.317151127882517
2021-11-04,0.49498815137151614,0.045971853850904236,0.9214107121404992,0.9673825659914034,4.69192365510647,0.9436315823271848,0.056368417672815196,4.238942480215846
2021-11-09,0.47439734710151454,0.045653387549307645,0.9230702814557875,0.9687236690050951,4.634191537889374,0.9460000444420911,0.05399995555790893,4.228329611082653
2021-11-14,0.39136389026178947,0.04775099879985679,0.926466070446203,0.9742170692460598,4.972230292451869,0.9581562102382493,0.04184378976175074,4.174684625803745
2021-11-19,0.44640067201657097,0.04472866157125838,0.92680415762561,0.9715328191968684,5.133280494202959,0.9521452794831269,0.04785472051687312,4.201039574728979
2021-11-24,0.4411518104957979,0.045742730104702235,0.9264741581822126,0.9722168882869148,4.981038362919223,0.9535355920206976,0.0464644079793024,4.19491420506218
2021-11-29,0.48685048168594497,0.04372070831690015,0.92605992669047,0.9697806350073701,5.109744480135493,0.9483302579888475,0.051669742011152486,4.21793986462366
2021-12-04,0.49827964900520005,0.04476134796971401,0.9259032513997897,0.9706645993695037,5.612603776967027,0.951431477174339,0.04856852282566104,4.204191364237412
2021-12-09,0.5604433443473393,0.04293801645225247,0.9256557208081374,0.9685937372603899,6.482679534342657,0.948282097493417,0.051717902506583036,4.218154081547204
2021-12-14,0.48795833882068124,0.03603774705479236,0.934600321933758,0.9706380689885503,5.196430124573656,0.9475882453977162,0.052411754602283755,4.221242738528424
2021-12-19,0.18964100284584684,0.023084314351583906,0.9629883855420599,0.9860726998936438,4.9132046647108325,0.9744246597702317,0.025575340229768262,4.104986424443728
2021-12-24,0.009498757751453701,0.0,0.9958868130276514,0.9958868130276514,4.097315866326425,0.9917905443623722,0.00820945563762776,4.033109634627161
2021-12-29,0.05231750344741923,3.2139813506137426e-16,0.9921245980183652,0.9921245980183655,4.1804803855759625,0.9843112179931033,0.015688782006896718,4.063755372163224
2022-01-03,0.05250999090816837,0.0,0.9913162776423332,0.9913162776423332,4.5144051141151715,0.9827079623186514,0.01729203768134857,4.070385255210709
2022-01-08,0.01343086078785813,0.0,0.9952553669769693,0.9952553669769693,4.391404897884005,0.9905332454964617,0.009466754503538288,4.038228921832072
2022-01-13,0.06720055572363737,0.0,0.9899922696087844,0.9899922696087844,4.3585623391182065,0.9800846938851521,0.01991530611484793,4.081279939332188
2022-01-18,0.14530391067813347,2.2421731055717104e-17,0.9823400323786852,0.9823400323786852,4.158377842795283,0.9649919392137563,0.035008060786243744,4.1451123449373775
2022-01-23,0.23691758014320968,0.0,0.9754266156722978,0.9754266156722978,4.928843793020238,0.9514570825619126,0.04854291743808736,4.204078222035532
2022-01-28,0.24585060810712941,0.0,0.9739846625599853,0.9739846625599853,5.561333572629255,0.9486461229020884,0.051353877097911615,4.216535442914415
2022-02-02,1.237934923930582e-07,0.0,0.9956261456845812,0.9956261456845812,6.6408519998853,0.9912714219707349,0.008728578029265077,4.035221747891861
2022-02-07,0.012353165921468632,1.1076301385983721e-13,0.9956420107402099,0.9956420107403207,6.494710399450222,0.9913030135510288,0.008696986448971211,4.035093150449798
2022-02-12,0.11584746041904706,0.0,0.9865500695457675,0.9865500695457675,6.435235624033086,0.9732810397207587,0.026718960279241255,4.109809846031347
2022-02-17,1.1815149187317706e-07,0.0,0.9964556299413091,0.9964556299413091,8.8458262691714,0.9929238224417312,0.007076177558268837,4.028506426770455
2022-02-22,0.09078860938537794,5.851398086105796e-11,0.9891148255469032,0.9891148256054172,7.606904404367127,0.9783481382324348,0.021651861767565173,4.088524159944468
2022-02-27,0.1364243447544931,2.4999755834598282e-11,0.9843935426023007,0.9843935426273005,9.578934505176619,0.9690306467663268,0.030969353233673225,4.127836424315448
2022-03-04,0.1245296681785147,0.0,0.9870439873033224,0.9870439873033224,8.544216842432359,0.9742558328716413,0.025744167128358697,4.105697769558032
2022-03-19,5.53331284099069,1.8359115935246184e-14,0.5494330029107678,0.5494330029107861,23.18821030057716,0.30187662468756393,0.6981233753124361,12.0
2022-03-24,3.7913214325303524,0.0,0.691593984294308,0.691593984294308,43.73045927461284,0.4783022391120755,0.5216977608879245,8.362912971985319
2022-03-29,0.05486434955099425,6.404315987726053e-12,0.9942919461559555,0.9942919461623598,15.223153562742228,0.988616474203333,0.011383525796667016,4.046058410288339
2022-04-03,4.994938962100022,0.0,0.5833077692381953,0.5833077692381953,50.0,0.3402479536536397,0.6597520463463603,11.756132423567365
2022-04-23,2.5036002918132243,8.400276394453924e-13,0.8079011048420798,0.8079011048429198,50.0,0.6527041952064105,0.34729580479358946,6.128350375831496
2022-05-08,2.4660121624282247,0.0,0.8230891211173743,0.8230891211173743,50.0,0.6774757013017717,0.3225242986982283,5.904270798663314
2022-05-13,2.791009064677582,1.4066903202412715e-13,0.8197623749083249,0.8197623749084656,50.0,0.6720103513155676,0.32798964868443237,5.952289264844449
2022-05-18,2.514505274768761,7.270025482260117e-16,0.8146761584856997,0.8146761584857005,50.0,0.6636972432050182,0.3363027567949818,6.026844379650959
2022-05-23,4.632801708824615,1.4508549199488025e-14,0.6414767167307247,0.6414767167307392,50.0,0.41149237810764905,0.588507621892351,9.7207146785926
2022-05-28,0.2547231982808577,0.0,0.9763786215379514,0.9763786215379514,50.0,0.9533152125963501,0.0466847874036499,4.195883950184762
2022-06-07,0.3781617222007464,3.816529878621787e-13,0.9679703605233066,0.9679703605236883,50.0,0.9369666188523591,0.0630333811476409,4.26909552540878
2022-06-12,8.21805070533277,6.509093910291446e-14,0.3371268162322892,0.3371268162323543,50.0,0.11365449022296356,0.8863455097770364,12.0
2022-06-17,2.396280330404765,0.035713531995955894,0.8128013091981815,0.8485148411941374,50.0,0.7824747977403943,0.2175252022596057,5.111985729829347
2022-06-22,1.7994709819770547,0.050728050145154656,0.8408393458315033,0.891567395976658,50.0,0.9209858400735358,0.07901415992646421,4.343172094459804
2022-06-27,2.185457585685868,0.05469428174772569,0.8006161451278665,0.8553104268755922,50.0,0.8781376846611881,0.12186231533881187,4.555094343255887
2022-07-02,1.643913479507167,0.05313620148678197,0.8541086425522224,0.9072448440390044,50.0,0.9614425465491081,0.0385574534508919,4.1604150080076465
2022-07-07,1.6927047559245918,0.055065633254562964,0.8534214186749581,0.9084870519295211,50.0,0.9739276978441679,0.026072302155832117,4.107081058331309
2022-07-12,1.7755028077734003,0.05107647364891981,0.8545228082036271,0.9055992818525469,50.0,0.94794156115188,0.05205843884812,4.219669401497121
2022-07-17,1.6447865690599393,0.04596014423027444,0.8545150170095984,0.9004751612398728,50.0,0.9143599240356888,0.08564007596431122,4.374644923571557
2022-07-22,2.105013132098522,0.05078888646931835,0.8419518436220482,0.8927407300913666,50.0,0.9233820496149383,0.0766179503850617,4.331901407080687
2022-07-27,1.4750755986394044,0.03985129061082255,0.8682499931812311,0.9081012837920537,50.0,0.9024660844288395,0.09753391557116053,4.432299527944648
2022-08-01,1.4296184094701259,0.04155796434981382,0.8740882945549079,0.9156462589047217,50.0,0.923034227090332,0.076965772909668,4.3335337765416835
2022-08-06,1.8877583155259834,0.04735087473559091,0.8448847298083997,0.8922356045439905,50.0,0.9059475355890358,0.09405246441096415,4.415266715637402
2022-08-11,1.4464443765227792,0.043637540007858064,0.8679676418049254,0.9116051818127834,50.0,0.9243315175068512,0.07566848249314884,4.327451703463473
2022-08-16,1.7452503878844379,0.05633820002168496,0.845508293328752,0.901846493350437,50.0,0.9688527438709655,0.031147256129034462,4.12859438681915
2022-08-21,0.8467678993183494,0.04227252602113513,0.9138943667186603,0.9561668927397955,50.0,1.0018164831258454,-0.0018164831258453695,3.992747242009125
2022-08-26,0.7696414746115544,0.043820284029968716,0.9285533934364738,0.9723736774664425,50.0,1.0396012159605026,-0.03960121596050259,3.8476292049200254
2022-08-31,0.9163224758104995,0.05180699644777873,0.9282797969503082,0.9800867933980869,50.0,1.092084401759412,-0.09208440175941202,3.662720567710486
2022-09-05,0.9595551589085052,0.054626306750525766,0.9103244512512427,0.9649507580017684,50.0,1.077347601439112,-0.0773476014391119,3.71282211484653
2022-09-10,1.3296698862409237,0.055256459800755726,0.8868268321854526,0.9420832919862083,50.0,1.0371314701754855,-0.03713147017548546,3.856791655664628
2022-09-15,1.5507383976848996,0.06078281614935279,0.8845596413818245,0.9453424575311773,50.0,1.074705348224341,-0.07470534822434094,3.7219503993433314
2022-09-20,1.407954322365821,0.051956745631645054,0.8875395163974139,0.939496262029059,50.0,1.0149288937815162,-0.014928893781516184,3.9411627991951526
2022-09-25,1.7073519107633592,0.06156613184766591,0.8842664065447929,0.9458325383924588,50.0,1.080328231625447,-0.080328231625447,3.7025784228388208
2022-09-30,1.972680321562964,0.059540949051052186,0.8428103504568271,0.9023512995078793,50.0,0.9879489738046581,0.01205102619534193,4.048792099652404
2022-10-05,1.7781012633383646,0.07924828202643941,0.8678476644853026,0.947095946511742,50.0,1.2047249519019345,-0.20472495190193452,3.3202599428899378
2022-10-10,1.0628551337728316,0.0689961477648448,0.8874344257164949,0.9564305734813396,50.0,1.148022393802871,-0.14802239380287108,3.48425259088356
2022-10-15,0.8989229115694568,0.07989098568941855,0.8878297128747881,0.9677206985642066,50.0,1.249229260556513,-0.24922926055651295,3.2019743103183957
2022-10-20,0.5064759968481225,0.09091307772013346,0.9037641751766905,0.994677252896824,50.0,1.3943770347571767,-0.39437703475717667,2.8686645722737243
2022-10-30,0.39924579278373795,0.08426741923931162,0.9039921703735586,0.9882595896128702,50.0,1.32460591577924,-0.32460591577924003,3.0197660695535076
2022-11-04,0.21009603229351323,0.08207627889351168,0.9146479964924495,0.9967242753859612,50.0,1.3235485434369396,-0.3235485434369396,3.0221785365068325
2022-11-09,0.5018968716571071,0.09267082415310786,0.899372100834685,0.9920429249877929,50.0,1.4049553658299314,-0.4049553658299314,2.84706553480945
2022-11-14,0.9801620617863873,0.1558108163197583,0.8419471509317433,0.9977579672515016,50.0,2.185094474843092,-1.1850944748430918,1.830584464906138
2022-11-19,2.143689073663029,0.17794853945353623,0.7552100169111279,0.933158556364664,50.0,2.422403343305274,-1.422403343305274,1.651252674768091
2022-11-24,1.2749723434427387,0.1522664484033003,0.8433072257413626,0.9955736741446629,50.0,2.127235434808294,-1.127235434808294,1.8803748445270136
2022-11-29,2.0372576544344136,0.17935638608286963,0.7451607789335606,0.9245171650164302,50.0,2.4309989366166795,-1.4309989366166795,1.6454141298666973
2022-12-04,1.8166444011610323,0.1729148373955487,0.7638980755397148,0.9368129129352635,50.0,2.3426959424271767,-1.3426959424271767,1.7074345533103006
2022-12-09,1.7812192840694854,0.20634421483295054,0.7897413666019081,0.9960855814348586,50.0,3.0785053002987355,-2.0785053002987355,1.299331854199453
2022-12-14,1.4365979487637806,0.1939955146551498,0.7859858521330783,0.979981366788228,50.0,2.804442204861629,-1.8044422048616289,1.4263085875208328
2022-12-19,1.404052504180257,0.18984609671903252,0.7753350206709044,0.965181117389937,50.0,2.6976100708992474,-1.6976100708992474,1.4827939898172908
2023-02-27,7.354289706296247,0.7767909134849019,0.015241979767179068,0.792032893252081,50.0,30.194118144355972,-29.194118144355972,1.0
2023-03-04,8.649006288699438,0.8260048462382651,0.016556418860038828,0.8425612650983039,50.0,34.14182577988995,-33.14182577988995,1.0
2023-03-09,7.639496831435737,0.8826290060294087,0.017666973470134694,0.9002959794995434,50.0,38.98319700264169,-37.98319700264169,1.0
2023-05-08,7.282711155176756,0.8882907602306878,0.10290538189122667,0.9911961421219144,50.0,39.64643305300682,-38.64643305300682,1.0
2023-05-23,5.3542469327804945,0.7844671961248433,0.10010768787436132,0.8845748839992046,50.0,30.9365230334049,-29.9365230334049,1.0
2023-05-28,4.7606058367686455,0.7000545844323709,0.10100180665027095,0.8010563910826418,50.0,24.655435979748543,-23.655435979748543,1.0
2023-06-02,5.384348320483038,0.7062145874874228,0.11292734327175055,0.8191419307591734,50.0,25.109206638149374,-24.109206638149374,1.0
2023-06-07,5.622259464594727,0.8263370096217091,0.07580294113807262,0.9021399507597817,50.0,34.27266631081375,-33.27266631081375,1.0
2023-06-12,5.320034889396532,0.7352861761465784,0.08645263835419495,0.8217388145007734,50.0,27.166896960037732,-26.166896960037732,1.0
2023-06-17,5.494047264709914,0.766363192555082,0.08860177424055302,0.854964966795635,50.0,29.509279696705526,-28.509279696705526,1.0
2023-06-22,6.133247079334,0.8848698688065011,0.07040357303002488,0.955273441836526,50.0,39.279286900038294,-38.279286900038294,1.0
2023-06-27,6.534486714695849,0.9054905332887883,0.08333446944971058,0.9888250027384988,50.0,41.153517073945885,-40.153517073945885,1.0
2023-07-02,6.121502833141189,0.8238167470570116,0.07613009768180844,0.89994684473882,50.0,34.064931927203574,-33.064931927203574,1.0
2023-07-07,6.3029865035491595,0.8847649779361937,0.08725266791982159,0.9720176458560152,50.0,39.3024625467947,-38.3024625467947,1.0
2023-11-14,0.02155162340996788,0.03191491267682712,0.9641962473487611,0.9961111600255882,50.0,1.0421469640348284,-0.04214696403482843,3.8382302477890446
2023-11-29,4.3506330520813625,0.9319276726169381,0.0,0.9319276726169381,50.0,43.424459349461145,-42.424459349461145,1.0
2023-12-04,4.720875169919509,0.883455233502148,0.0,0.883455233502148,50.0,39.02465748011675,-38.02465748011675,1.0
2023-12-29,7.09566526291453,0.7674226484507568,5.904795964688736e-16,0.7674226484507574,50.0,29.446876067758694,-28.446876067758694,1.0
2024-01-03,6.312207130851174,0.7085679938492626,1.640904672004209e-17,0.7085679938492626,50.0,25.10343009537843,-24.10343009537843,1.0
2024-03-08,0.09657868395926948,0.006346775855012672,0.9896448951847417,0.9959916710397544,50.0,0.9939732054044972,0.006026794595502816,4.024253348330653
2024-04-12,6.195934718189427,0.5917328503419251,0.08027595668639215,0.6720088070283172,50.0,17.608836379238802,-16.608836379238802,1.0
2024-04-22,6.85593177752372,0.48566440460780597,0.018174087587447107,0.5038384921952531,50.0,11.811479007467264,-10.811479007467264,1.0
2024-05-02,5.514197066483192,0.41299584706781317,0.06843415092795992,0.4814299979957731,50.0,8.589487758037976,-7.589487758037976,1.0
2024-05-07,5.544473661089226,0.39153131141444225,0.0496102788475855,0.44114159026202776,50.0,7.706147525736646,-6.706147525736646,1.0
2024-05-22,0.07976582064076544,9.450894455713875e-11,0.9958309129162239,0.9958309130107329,50.0,0.9916792073077899,0.008320792692210088,4.033562436848099
2024-05-27,0.09097372684640545,0.0,0.9933638365129255,0.9933638365129255,50.0,0.9867717116916781,0.0132282883083219,4.053622486950478
2024-06-01,0.11884842785113238,6.415660843708753e-12,0.9901788413354774,0.990178841341893,50.0,0.9804541378411739,0.019545862158826144,4.079742076266264
2024-06-06,0.1289544761748336,1.416260359037089e-15,0.987442019146158,0.9874420191461595,50.0,0.9750417411754443,0.024958258824555712,4.102388473315892
2024-06-11,5.938708863256002,0.25489463477251084,2.5977572411231503e-18,0.25489463477251084,50.0,3.248563741790585,-2.248563741790585,1.2313133796768996
2024-06-16,6.043125459518757,0.22803027246390314,0.0,0.22803027246390314,50.0,2.599890257998095,-1.5998902579980951,1.5385264772983085
2024-06-21,6.024580376997199,0.24052388273977132,0.0,0.24052388273977132,50.0,2.8925869084107636,-1.8925869084107636,1.3828452270074292
2024-06-26,6.157708917689818,0.2513796793197787,0.0,0.2513796793197787,50.0,3.1595871587457394,-2.1595871587457394,1.265988181059667
2024-07-01,5.957737776848393,0.2784812950618225,8.692593492864807e-18,0.2784812950618225,50.0,3.8775915849654923,-2.8775915849654923,1.0315681557359262
2024-07-06,0.3941934992920954,0.041256673691119766,0.9108359682545806,0.9520926419457003,21.59215873396474,0.9415305824808597,0.058469417519140254,4.248401564886306
2024-07-11,0.477344367580057,0.04342758484296363,0.8964834534131777,0.9399110382561413,18.059940579174032,0.9156070422082214,0.08439295779177858,4.368686363915434
2024-07-16,0.6005184852941899,0.043191988554294326,0.8782878627396371,0.9214798512939314,11.757034994873731,0.8691928801196239,0.13080711988037608,4.6019705079147615
2024-07-21,0.4407039079552369,0.037703455103197864,0.9042848673771489,0.9419883224803467,12.54344026044245,0.9037515832717173,0.09624841672828266,4.4259950123897935
2024-07-26,0.440745220650437,0.04151633602690462,0.9040799937216549,0.9455963297485596,29.329992722369408,0.9429821687207883,0.05701783127921167,4.24186175802904
2024-07-31,0.4422170772129482,0.04178653704571697,0.901193590552062,0.942980127597779,16.237436399287642,0.9158178324003723,0.08418216759962771,4.367680840540023
2024-08-05,0.44912374070316746,0.03861856032727261,0.901778680464064,0.9403972407913366,9.627502150855673,0.8972139685438391,0.10278603145616094,4.458245346415998
2024-08-10,0.7592063525246766,0.06506302007907998,0.8462455032808551,0.9113085233599351,14.915424825994164,0.8893899535563086,0.11061004644369143,4.497464789213806
2024-08-15,0.5718558982489504,0.055534162810902454,0.8799944075831992,0.9355285703941016,20.576580055694848,0.9355887253892504,0.06441127461074958,4.275382859424482
2024-08-20,0.8875233443325168,0.06772812692223616,0.8262352686174924,0.8939633955397286,20.551742027083378,0.8888563323144337,0.11114366768556627,4.5001648236950365
2024-08-25,0.7455603124013281,0.058753895429951394,0.8553178821458497,0.914071777575801,21.594646264034203,0.9066203500565239,0.09337964994347614,4.411990090174589
2024-08-30,0.7349110615647652,0.056231001650887645,0.8600443496324038,0.9162753512832915,24.846603580434458,0.9149617044314196,0.08503829556858045,4.371767671397462
2024-09-04,0.7159613244524263,0.05913908122030712,0.8564212913911919,0.915560372611499,28.443217148647086,0.9342315523045363,0.06576844769546375,4.281593776331908
2024-09-09,0.5978191391412556,0.05392109554106202,0.8718460597694228,0.9257671553104848,15.729556777875281,0.8998707845284409,0.10012921547155906,4.445082637165645
2024-09-14,0.5918511554099607,0.050378976217036554,0.8859627353404262,0.9363417115574628,50.0,1.0010998217915188,-0.0010998217915187958,3.9956055459502506
2024-09-19,0.551573767881763,0.04964653861734818,0.887201501283685,0.9368480399010332,50.0,0.9984584109039163,0.0015415890960837064,4.006175877049053
2024-09-24,0.387407811878863,0.048470131221631595,0.9067618374999304,0.955231968721562,18.410921487651684,0.9533725255034026,0.04662747449659743,4.195631710582291
2024-09-29,0.4218827899402148,0.055182129096781024,0.8951842150265534,0.9503663441233344,19.222371269330147,0.9586845362287512,0.04131546377124884,4.172383979129463
2024-10-04,0.4416985565602931,0.05359022816366807,0.8929850393009464,0.9465752674646145,13.65900547916822,0.9323602937405103,0.06763970625948967,4.290186987642418
2024-10-09,0.4616690676770579,0.05936304790369226,0.8867597924870557,0.946122840390748,17.441108856333198,0.9530864274306043,0.046913572569395656,4.196891157902095
2024-10-14,0.3996025634433001,0.05044611946354702,0.899238514676529,0.9496846341400761,10.147987856001178,0.9251808041613646,0.07481919583863539,4.323479239958748
2024-10-19,0.4095812964949272,0.051295214205709296,0.8993511625583411,0.9506463767640504,14.098619660831803,0.9381936086129431,0.0618063913870569,4.263512310549348
2024-10-24,0.392907713526851,0.06199779873949897,0.8970822134315926,0.9590800121710915,50.0,1.1081770951247287,-0.10817709512472873,3.6095313804963527
2024-10-29,0.07350218140998668,1.9571359854799799e-16,0.9854650806969775,0.9854650806969777,5.879413429673066,0.9711414252731007,0.028858574726899344,4.118864560715382
2024-11-03,0.14412881729389043,2.706571045142907e-19,0.9727231753441165,0.9727231753441165,4.982892801914774,0.9461903758515408,0.053809624148459245,4.2274790592750735
2024-11-08,0.15914384056565245,0.0,0.9717121729799779,0.9717121729799779,6.338874053123473,0.9442245471174705,0.0557754528825295,4.2362804612644345
2024-11-13,0.15750173576861826,0.0,0.9742336838322857,0.9742336838322857,8.572042887417773,0.9491312707134261,0.05086872928657393,4.21438016365571
2024-11-18,0.22596638010824974,0.0,0.9625715592529004,0.9625715592529004,7.81078205408058,0.9265440066825599,0.07345599331744013,4.317118206097713
2024-11-23,0.28706882713322707,0.0,0.9530211400116139,0.9530211400116139,8.304447505504642,0.9082492933090361,0.09175070669096386,4.404077194959051
2024-11-28,0.25774464346355735,1.1787469950629127e-17,0.9591707097038211,0.9591707097038211,7.737359962941824,0.9200084503537319,0.07999154964626809,4.347786151814202
2024-12-03,1.3058519490479772,1.954323216203958e-17,0.8090096210441878,0.8090096210441878,29.120851351792282,0.6544965669420604,0.3455034330579396,6.111567580390536
2024-12-08,0.29410160947662994,4.7224799198872035e-17,0.9536804174383192,0.9536804174383192,10.263409350200483,0.9095063386053269,0.09049366139467308,4.397990239555404
2024-12-13,0.3190797439649999,0.0,0.9503873246394878,0.9503873246394878,11.37984020934367,0.9032360668354033,0.09676393316459675,4.428521121852987
2024-12-18,0.4141147304023283,3.3181446597548677e-18,0.9345396800998376,0.9345396800998376,12.814408407932083,0.8733644136811067,0.12663558631889327,4.57998967823817
2024-12-23,3.6622460505689793,3.892600405702079e-17,0.4298362039296418,0.42983620392964184,13.625114156641851,0.18475916220864463,0.8152408377913554,12.0
2024-12-28,1.1469863569243706,2.322180169254037e-17,0.8237307613945957,0.8237307613945957,17.413296053643396,0.6785323672677203,0.32146763273227974,5.895076186427182
2025-01-02,1.9326622343726543,1.1709958059389167e-17,0.7013732440373942,0.7013732440373942,21.100615656585756,0.49192442745153814,0.5080755725484618,8.131330295432543
2025-01-07,0.6428069752929725,0.004398951479108988,0.887297150413205,0.891696101892314,7.876887275307892,0.7952550112222306,0.20474498877776937,5.029833127178141
2025-01-12,0.09445484661152066,2.6796345621754034e-10,0.9866083434449261,0.9866083437128895,12.167628462473077,0.9733960238838911,0.026603976116108874,4.109324367321567
2025-01-22,0.10107097527992123,2.4123497230006168e-14,0.985273925576384,0.9852739255764081,17.204832488183953,0.9707647084207455,0.02923529157925453,4.120462935356663
2025-01-27,0.16938621764308734,0.0,0.9738388310595433,0.9738388310595433,10.19717043849793,0.9483620688794177,0.05163793112058235,4.2177983823482
2025-02-01,0.2130687342899899,0.0,0.9662843811028539,0.9662843811028539,7.190943595504114,0.9337055051633253,0.06629449483667471,4.284006014616261
2025-02-06,0.23538268111374178,0.0,0.963240311067001,0.963240311067001,6.5297934574111505,0.9278318968644529,0.07216810313554711,4.3111257691374245
2025-02-11,0.2951329486439871,3.2682806104736408e-12,0.9529034002746115,0.9529034002778798,7.1208416722232855,0.9080248902611452,0.09197510973885481,4.405165588412022
2025-02-16,0.377479290027054,0.0,0.9391494569558881,0.9391494569558881,7.277766362368464,0.8820017025005396,0.11799829749946045,4.535138638235852
2025-02-21,0.49635171478470763,0.0005772889183612276,0.9195149142051737,0.9200922031235349,8.722569238294309,0.8465722358914145,0.1534277641085855,4.724936432374401
2025-02-26,0.991727381011015,0.0,0.8386125436773518,0.8386125436773518,6.778629372847418,0.7032709984129983,0.29672900158700166,5.68770788078337
2025-03-03,0.044391481390562995,1.2671432565304729e-14,0.9920498084787984,0.9920498084788111,6.7378756119123056,0.9841628225028457,0.015837177497154298,4.064368119319437
2025-03-08,1.520344753712473,0.029434726517289428,0.7446866826576407,0.7741214091749301,7.27820190876344,0.6047034098970401,0.3952965901029599,6.614813038148835
2025-03-13,0.9650009745332486,0.02715478318214764,0.8350027644035626,0.8621575475857102,8.879506053769449,0.7491258447592187,0.25087415524078127,5.339556802082653
2025-03-18,0.848316392707199,0.028515394394198725,0.8540126521308747,0.8825280465250734,9.85497036315315,0.7860559747428997,0.21394402525710032,5.088696134277594
2025-03-23,0.8313506400365225,0.030587720974575617,0.8503424431113965,0.8809301640859721,7.575452751899078,0.7821900046294435,0.21780999537055645,5.113846988999775
2025-03-28,0.9453100823197336,0.03334620311100075,0.8313807923019695,0.8647269954129703,9.049183879366506,0.7567032216533415,0.24329677834665853,5.286088238477816
2025-04-02,0.5477276977271788,0.01987203038226029,0.9016264373006432,0.9214984676829034,9.962682958315805,0.8526987678556769,0.1473012321443231,4.690988366335975
2025-04-07,0.39507927472869797,0.012303637579729788,0.9275745369019661,0.9398781744816959,7.6624705035192,0.8843795443052647,0.11562045569473534,4.522944957011924
2025-04-12,0.6972875754087692,0.03437624239983195,0.8637542502097535,0.8981304926095854,6.199888555960489,0.8127832254747793,0.18721677452522067,4.921361409327117
2025-04-17,1.0097341541798364,0.02703025863431895,0.8232954033964456,0.8503256620307645,7.548591338659049,0.7278383607669856,0.2721616392330144,5.495725721003297
2025-04-22,1.6224877838107785,0.05401082505309231,0.6956162435878905,0.7496270686409828,5.815343320519369,0.5759879133716648,0.4240120866283352,6.944590167847742
2025-04-27,1.2813973663167817,0.027268516528015235,0.7884560710715035,0.8157245875995187,12.02165825764947,0.6736019992182491,0.32639800078175085,5.9382246558683205
2025-05-02,1.3774295715595533,0.03989048928606019,0.7511885048863063,0.7910789941723665,9.182741277899087,0.6388267713705695,0.36117322862943047,6.261478352602864
2025-05-07,1.1026191208492035,0.04857932325430275,0.7874995953700532,0.836078918624356,15.72373011046707,0.7337752345809795,0.2662247654190205,5.451260565211348
2025-05-12,1.2776473529993844,0.04037218470281032,0.7712550830744487,0.811627267777259,15.717525770075701,0.6827271127611411,0.31727288723885894,5.858856232943308
2025-05-17,1.097773234202027,0.04182936152666004,0.7978105981997528,0.8396399597264128,36.11162727394302,0.7664299177071553,0.2335700822928447,5.219002948066489
2025-05-22,1.4701448027338735,0.08139797194741054,0.6891758076589769,0.7705737796063874,10.505604426650423,0.6567645661262471,0.3432354338737529,6.09046255889374
2025-05-27,1.3526658621422918,0.08326540838181791,0.7003338387715998,0.7835992471534178,9.072896515150509,0.669998206890607,0.33000179310939304,5.970165231581126
2025-06-01,0.9070032702102139,0.06491255372454763,0.7946760445105029,0.8595885982350505,13.744676438938999,0.7925940319436233,0.20740596805637668,5.046719807101093
2025-06-06,0.9715959881747547,0.07016156130752231,0.7798951879568782,0.8500567492644004,15.53327344249098,0.794138618238877,0.205861381761123,5.0369040217066985
2025-06-11,0.9693147095947254,0.07809910415747694,0.76965833098973,0.8477574351472069,11.418483127730374,0.7822398948618503,0.2177601051381497,5.113520834559878
2025-06-16,0.9069933041468871,0.07797544387869969,0.7753486819797026,0.8533241258584023,10.168760711486172,0.7839096861942474,0.2160903138057526,5.102628619655591
2025-06-21,0.8532049981483439,0.06793832982349367,0.7998388251111338,0.8677771549346275,16.80449451337643,0.8259846787927035,0.17401532120729646,4.842704837874935
2025-06-26,3.916610847221822,0.21691296371619023,0.15779434668324277,0.374707310399433,7.482310687404024,0.44540628436648294,0.554593715633517,8.98056480206457
2025-07-01,3.8604536253684563,0.236996135718947,0.1566544839225085,0.39365061964145553,8.817002126099661,0.5940196847195423,0.40598031528045775,6.733783581412023
2025-07-06,3.622130989825318,0.21901587446043244,0.21183825596621458,0.430854130426647,9.409530368235515,0.5890232413954384,0.4109767586045616,6.790903514305671
2025-07-11,3.9814768150944873,0.2500929481842355,0.14227456030263352,0.392367508486869,12.219654129182691,0.8557021649603271,0.14429783503967286,4.674523641278215
2025-07-16,0.48054984447058313,0.05021621079032948,0.8631816505319951,0.9133978613223246,9.173548707763233,0.8549066278699415,0.14509337213005846,4.678873539635871
2025-07-21,1.356728458411477,0.11462748276345756,0.6389499875735208,0.7535774703369784,7.609773371086506,0.6547278553269597,0.34527214467304035,6.109408615282558
2025-07-26,2.379781960910003,0.21705737113566595,0.3516646432014682,0.5687220143371341,6.968010669371598,0.604621001577718,0.39537899842228197,6.61571462050155
2025-07-31,1.943609817525842,0.21993318606745332,0.42645357763451514,0.6463867637019685,7.562910709074797,0.7352678186015172,0.26473218139848276,5.440194577817942
2025-08-05,1.855527333983048,0.22932211420679283,0.42583261200959127,0.6551547262163842,7.291729963840491,0.7601011873998365,0.23989881260016355,5.262457244256188
2025-08-10,1.6329141140023669,0.21554598102749387,0.4788097144549022,0.6943556954823961,8.304950630211339,0.8215183490155582,0.1784816509844418,4.869033059082953
2025-08-15,1.8019078137370526,0.24492203270936155,0.42225172952665846,0.66717376223602,7.749526977603874,0.8500033681340746,0.14999663186592538,4.705863705906002
2025-08-20,2.3073762225755345,0.3136278476382889,0.2653884444199608,0.5790162920582497,8.334309825648091,1.0566803799270514,-0.05668037992705144,3.785439832124206
2025-08-25,2.102895804202973,0.29258907636316717,0.3201812309285196,0.6127703072916868,7.845791872098005,0.9615445166462778,0.038455483353722175,4.159973803346512
2025-08-30,2.0981112732523273,0.29867808918433275,0.31201881461015124,0.610696903794484,7.495781249230968,0.9524302656824977,0.04756973431750233,4.19978253960006
2025-09-04,2.266560741584382,0.3454123690337698,0.23470213484304983,0.5801145038768196,7.007943396017535,1.0533387899303963,-0.05333878993039631,3.7974486824550686
2025-09-09,2.195831388353754,0.37078801162961494,0.23305760866364653,0.6038456202932615,8.12852077340759,1.3446852979505441,-0.34468529795054414,2.97467370699781
2025-09-14,1.9137822532951667,0.3388847155947613,0.30929871977564516,0.6481834353704065,8.121567340030133,1.2380028589871332,-0.23800285898713325,3.231010309033198
2025-09-19,1.7430857848237404,0.3366842687677521,0.33345534155435214,0.6701396103221042,9.537571271432157,1.4168745606228643,-0.4168745606228643,2.8231151233610845
2025-09-24,1.4519224735392258,0.2785991272195916,0.43372195802702335,0.712321085246615,9.963114034465171,1.203095596215241,-0.20309559621524098,3.32475658009505
2025-09-29,1.7413620949775699,0.32904927146371304,0.33390153220454727,0.6629508036682603,10.710591412896859,1.4909027402064425,-0.49090274020644253,2.6829382575593947
2025-10-04,1.4310916001116187,0.25999799070935686,0.4558413453988256,0.7158393361081825,9.111764349962113,1.0607727497860433,-0.0607727497860433,3.7708359314535516
2025-10-09,1.3404564933666319,0.25109742712619243,0.475620137351857,0.7267175644780495,8.740715628258492,1.0161699034425653,-0.016169903442565303,3.936349606939607
2025-10-14,1.4525559716812766,0.242008282918943,0.47554748092860655,0.7175557638475496,14.968164847915638,1.3329738787762553,-0.3329738787762553,3.0008089908500115
2025-10-19,1.1352897719169348,0.2008274626483371,0.5775928714272465,0.7784203340755835,14.430435934729394,1.1476101232710039,-0.14761012327100387,3.4855042831087113
2025-10-24,1.4616823985506298,0.23345430983210153,0.4941069087578558,0.7275612185899574,18.38305840430721,1.4767379114908092,-0.47673791149080924,2.7086729262350184
2025-10-29,0.08192867964728105,0.0,0.973138596179151,0.973138596179151,6.389487389004131,0.9469987273735287,0.05300127262647125,4.223870512575951
2025-11-03,0.11138316273006305,0.0,0.963253090005978,0.963253090005978,5.432161678421537,0.9278565154060648,0.07214348459393516,4.311011383316579
2025-11-08,0.15685337479471204,0.0029907014399604653,0.9496178226896701,0.9526085241296306,5.4697306410616,0.9075029788343174,0.09249702116568259,4.40769903051776
2025-11-13,0.12335295977488948,0.0,0.9629727080364273,0.9629727080364273,5.159842776619776,0.9273164364230103,0.07268356357698968,4.31352216232619
2025-11-18,2.7906314193385335,0.3405911816004916,0.0,0.3405911816004916,4.27469986012511,0.4958752420749699,0.5041247579250301,8.066545091588283
2025-11-23,2.671812670447295,0.3759476998721045,3.115415450720656e-13,0.37594769987241605,4.204756295925165,0.5942862658066157,0.4057137341933843,6.730762984352096
2025-11-28,2.859462100842777,0.2931207427960395,0.0,0.2931207427960395,4.552172406269888,0.39112160549746916,0.6088783945025309,10.226998314021502
2025-12-03,2.9303977120504823,0.33590670973220066,3.2145316880136643e-16,0.335906709732201,5.071477031936521,0.5722315788642451,0.42776842113575486,6.990176962863754
2025-12-08,2.9635686723260317,0.31625837983212923,0.0,0.31625837983212923,5.114189096939635,0.5115179347864299,0.48848206521357007,7.819862663603552
2025-12-13,2.810024202120831,0.3620975190590914,1.576309020635937e-15,0.36209751905909293,5.04123681565961,0.6609798156830402,0.3390201843169598,6.051622008860435
2025-12-18,2.621077323075087,0.3433215941440119,3.617434915370541e-12,0.34332159414762936,4.04319929261177,0.4765707564198173,0.5234292435801827,8.393297209525691
2025-12-23,2.757684896170357,0.2584089231671286,0.0,0.2584089231671286,4.530807047150698,0.3025454179349041,0.6974545820650959,12.0
2025-12-28,2.7817482811001493,0.24941170713186653,0.0,0.24941170713186653,4.497563012732735,0.27977630272844106,0.720223697271559,12.0
2026-01-02,2.627135875608342,0.24979905620903317,1.941079499511296e-12,0.24979905621097426,4.1657595125190285,0.2599415959857918,0.7400584040142082,12.0
2026-01-07,2.786492526123776,0.20303368373300984,1.5088030352088785e-14,0.20303368373302494,3.984258959476144,0.16424181909587776,0.8357581809041222,12.0
2026-01-12,2.7840257314649395,0.20481780786571124,0.0,0.20481780786571124,3.9928803771206014,0.1675026671149343,0.8324973328850657,12.0
2026-01-17,0.22649514234860715,0.05337157446596103,0.8838104941878963,0.9371820686538573,4.388731931875195,0.887963117300325,0.11203688269967504,4.504691604940984
2026-01-22,0.2688154735699979,0.055200593753598176,0.8738232481625697,0.9290238419161679,4.570046405883984,0.8739636070684804,0.12603639293151958,4.57684961667583
2026-01-27,2.959720277032889,0.17217196453458972,0.0,0.17217196453458972,3.883753023183378,0.11512681080412523,0.8848731891958748,12.0
2026-02-01,0.2804589451977456,0.06395591100974948,0.8735852428716672,0.9375411538814167,6.425118896841208,0.9011740967025065,0.09882590329749352,4.4386539899853235
2026-02-06,0.25478781749221685,0.10144996011227088,0.8623600703826746,0.9638100304949455,10.426128720853654,1.0259443815681666,-0.025944381568166586,3.8988468301624293
2026-02-11,0.2562209106674877,0.10407354788755771,0.8570893315509001,0.9611628794384578,8.718333555385446,1.007433693058915,-0.0074336930589149475,3.9704846359214225
2026-02-16,0.3535167048929102,0.10215852855286135,0.8348980490691608,0.9370565776220221,9.865397301863915,0.9705975513876468,0.029402448612353194,4.121172564551876
2026-02-21,2.822071432916997,0.266055234143417,0.16395687164561204,0.43001210578902904,7.826942201784219,0.6681581611043528,0.3318418388956472,5.986606514524457
2026-02-26,0.6260222522894054,0.12696411294179186,0.7650380131136597,0.8920021260554516,18.95506120290778,1.0851013321541905,-0.08510133215419047,3.6862916683173044
2026-03-03,0.2916395563651167,0.10795408976948938,0.851628889708405,0.9595829794778944,15.09914943971116,1.0851121875225673,-0.08511218752256733,3.686254790974607
2026-03-08,0.29984855468685184,0.11178922967655067,0.8484283511631925,0.9602175808397432,12.586612662338027,1.0668137529572062,-0.06681375295720615,3.7494829710546997
2026-03-13,0.4182075036998077,0.1274543757074142,0.8082516083138349,0.9357059840212492,10.934052752784567,1.036920579571129,-0.03692057957112893,3.857576056263058
2026-03-18,0.4499318996792529,0.1346899800059888,0.7922592136696944,0.9269491936756833,9.19672940409152,1.007934878352668,-0.00793487835266804,3.968510353106794
2026-03-23,0.2743996743893876,0.10270077069223334,0.8535987367152834,0.9562995074075168,6.801887671267832,0.975703858127482,0.02429614187251805,4.099604574359871
2026-03-28,0.21941157527354394,0.09006334179289235,0.8808077617264691,0.9708711035193615,7.234182557122848,0.9931586825483469,0.006841317451653062,4.027553773920997
2026-04-02,0.29036353586049457,0.0930491541301009,0.8634231046709044,0.9564722588010053,7.727823706036919,0.9730896556045414,0.026910344395458585,4.110618150097342
2026-04-07,0.40248436909860114,0.10081889757898678,0.8359678230284062,0.936786720607393,7.876797999555543,0.9474682300827975,0.05253176991720254,4.221777441181798
2026-04-12,0.5043486852904432,0.11828712323422763,0.8008763191928957,0.9191634424271233,7.84699708760708,0.9406635457469157,0.059336454253084314,4.252317439200726
2026-04-17,0.6741743499177443,0.12490055655624477,0.7659339645841258,0.8908345211403705,7.96013087689914,0.9021652229898196,0.0978347770101804,4.433777647451101
